id;farm_id;pform_id;farm_name;farm_type;farm_sub_type;farm_description
1;8e26290c-5ed6-4dd4-803c-e21f47dc7106;9306e12b-2664-4601-9095-df6e6bbcccde;Buckinghamshire;PFNL;Tera;SDR matrix Fantastic
2;17299ea9-0eb6-4613-98fc-ed503e105f35;98b85c8e-907c-4b61-9529-8542ff605a15;Right-sized 24/365;PFAL;Giga;revolutionize THX
3;2fe64b88-660c-41ff-a652-f1d4c580d878;5ac6853e-5094-4bbf-b672-c32124855d99;Books;PFNL;Nano;Bolivar
4;17065c4a-e9e0-4b9c-ae11-c68dc7d97916;2bb2b454-9a0b-40c0-9e57-827d6d4cc208;Fantastic invoice Direct;PFNL;CEA_PF_5000P;mobile input Hat
5;eeedd2c1-03f0-4411-af63-5ad3bbfd1b18;645ea8cf-cbe1-42a6-b839-a1bbec0c0820;mint;PFAL;Giga;synthesize
6;e3051a0b-5a14-4bac-b6c4-12e1f3d3b36b;b78fda8b-8a0c-4c7f-8b4e-b0c9df2ddd3d;CSS Licensed;PFAL;CEA_PF_120000P;Loan Borders
7;c58f396e-af8e-4d64-a117-e84e950446f6;81c426e9-3a9e-4d28-b216-19aac8e55f02;product Assistant Account;PFAL;Giga;regional
8;986c5f61-bb9d-40de-a78d-66ada0a500df;21cc8e5a-94ea-466e-9832-da5a47e6f507;deliver Indiana;PFNL;CEA_PF_120000P;Tunnel Multi-channelled Georgia
9;4d4bf8ba-5562-434c-8c21-b77d0a809abe;f6d34bb3-efdb-483e-88f2-c56645cbcd17;JBOD lavender;PFNL;Micro;wireless lime withdrawal
10;65abadbb-eb7d-4f9c-8f47-29bbf12abb5a;6c6d2484-60fc-4811-8ef4-ca2054f2321b;one-to-one Programmable;PFAL;Pico;multi-state Investor quantify
